iid,diagnostico,exame_1,exame_2,exame_3,exame_4,exame_5,exame_6,exame_7,exame_8,exame_9,exame_10,exame_11,exame_12,exame_13,exame_14,exame_15,exame_16,exame_17,exame_18,exame_19,exame_20,exame_21,exame_22,exame_23,exame_24,exame_25,exame_26,exame_27,exame_28,exame_29,exame_30,exame_31,exame_32,exame_33
842302,M,17.99,10.38,122.8,103.78,1001.0,0.1184,0.2776,0.3001,0.1471,0.2419,0.07871,1.095,0.9053,8.589,153.4,0.006399,0.04904,0.05372999999999999,0.01587,0.03003,0.006193,25.38,17.33,184.6,2019.0,0.1622,0.6656,0.7119,0.7859999999999999,0.2654,0.4601,0.1189,
